{
  "all_eigenvalues": {
    "0": [
      0.0031860942883915593,
      0.0021459172089956444,
      0.0017757383584443374
    ],
    "15": [
      0.4906403642589854,
      0.38398098176837836,
      0.2782144556481945
    ],
    "31": [
      50.66493202451122,
      23.423410896935437,
      15.132549226968347
    ]
  },
  "all_explained_variance": {
    "0": [
      0.18370676160514737,
      0.12373127266624633,
      0.10238715924899175
    ],
    "15": [
      0.11299962751143855,
      0.08843485182234191,
      0.0640757103301614
    ],
    "31": [
      0.15931802437747397,
      0.07365590753138983,
      0.047584941897664115
    ]
  },
  "similarity_matrix": [
    [
      1.0000000000000002,
      -6.938893903907228e-18,
      -4.336808689942018e-18,
      -0.03427671952143907,
      -0.047639937853256355,
      -0.050299566111254385,
      0.0004779351840819594,
      0.01143198995906313,
      0.016621064127585683
    ],
    [
      -6.938893903907228e-18,
      1.0,
      5.941427905220564e-16,
      0.019650094879119503,
      0.03871460503636602,
      0.008389765700901244,
      -0.00817567108680936,
      -0.022401506816125696,
      -0.0006223264408106439
    ],
    [
      -4.336808689942018e-18,
      5.941427905220564e-16,
      0.9999999999999999,
      -0.038552689979622544,
      -0.014102234116969673,
      -0.006624253498579045,
      -0.018198745566472697,
      0.005175172370158888,
      -0.03137097008209577
    ],
    [
      -0.03427671952143907,
      0.019650094879119503,
      -0.038552689979622544,
      1.0000000000000002,
      -2.463307335887066e-16,
      0.0,
      -0.016917484559606878,
      0.04029754907039265,
      0.0333262954552768
    ],
    [
      -0.047639937853256355,
      0.03871460503636602,
      -0.014102234116969673,
      -2.463307335887066e-16,
      1.0000000000000002,
      9.107298248878237e-18,
      0.06338590006797189,
      -0.0011173719537817812,
      0.007551369079898865
    ],
    [
      -0.050299566111254385,
      0.008389765700901244,
      -0.006624253498579045,
      0.0,
      9.107298248878237e-18,
      0.9999999999999998,
      -0.03363565679373618,
      -0.017280551149441464,
      0.05279437250436231
    ],
    [
      0.0004779351840819594,
      -0.00817567108680936,
      -0.018198745566472697,
      -0.016917484559606878,
      0.06338590006797189,
      -0.03363565679373618,
      1.0000000000000004,
      -3.469446951953614e-17,
      -6.938893903907228e-18
    ],
    [
      0.01143198995906313,
      -0.022401506816125696,
      0.005175172370158888,
      0.04029754907039265,
      -0.0011173719537817812,
      -0.017280551149441464,
      -3.469446951953614e-17,
      1.0000000000000002,
      -2.42861286636753e-17
    ],
    [
      0.016621064127585683,
      -0.0006223264408106439,
      -0.03137097008209577,
      0.0333262954552768,
      0.007551369079898865,
      0.05279437250436231,
      -6.938893903907228e-18,
      -2.42861286636753e-17,
      0.9999999999999999
    ]
  ],
  "similarity_labels": [
    "L0_PC0",
    "L0_PC1",
    "L0_PC2",
    "L15_PC0",
    "L15_PC1",
    "L15_PC2",
    "L31_PC0",
    "L31_PC1",
    "L31_PC2"
  ]
}